date,units_sold,predicted,anomaly,root_cause_hint,is_weekend,temperature,football_match,holiday,season
2023-01-01,57.99389764057082,58.970142,False,,True,22.483570765056164,0,False,1
2023-01-02,69.96673272684382,69.94799,False,,False,19.308678494144075,1,False,1
2023-01-03,43.404274773990274,47.597706,False,,False,23.23844269050346,0,False,1
2023-01-04,99.02219555055433,98.31269,False,,False,27.61514928204013,1,False,1
2023-01-05,49.213930533177745,51.172653,False,,False,18.829233126383322,0,False,1
2023-01-06,75.40229934502675,75.08325,False,,False,18.8293152152541,1,False,1
2023-01-07,65.77547379851953,66.77272,False,,True,27.896064077536955,0,False,1
2023-01-08,74.91403914727304,76.14081,False,,True,23.837173645764544,1,False,1
2023-01-09,52.583346543240616,49.30505,False,,False,17.65262807032524,0,False,1
2023-01-10,46.00444714587368,48.221935,False,,False,22.712800217929825,0,False,1
2023-01-11,69.17732170975152,71.17041,False,,False,17.682911535937688,1,False,1
2023-01-12,50.00349558778587,49.30505,False,,False,17.671351232148716,0,False,1
2023-01-13,50.79127990476684,47.727757,False,,False,21.20981135783017,0,False,1
2023-01-14,56.612168936331464,59.09463,False,,True,10.43359877671101,0,False,1
2023-01-15,60.74643281736239,60.639385,False,,True,11.375410837434837,0,False,1
2023-01-16,46.0872814738276,47.98129,False,,False,17.188562353795135,0,False,1
2023-01-17,53.37140234373388,51.6068,False,,False,14.93584439832788,0,False,1
2023-01-18,69.42577990258488,70.00058,False,,False,21.571236662976368,1,False,1
2023-01-19,50.77518311797759,51.15682,False,,False,15.459879622393945,0,False,1
2023-01-20,62.84963419845167,58.215897,False,,False,12.938481493323543,0,False,1
2023-01-21,99.46447772699989,100.26023,False,,True,27.32824384460777,1,False,1
2023-01-22,86.94291134520144,84.81527,False,,True,18.871118497567323,1,False,1
2023-01-23,36.70324321475314,43.500465,True,Unexplained,False,20.33764102343962,0,False,1
2023-01-24,39.60811672540528,42.6252,False,,False,12.876259068932717,0,False,1
2023-01-25,43.79679961156214,47.98129,False,,False,17.278086377374088,0,False,1
2023-01-26,44.11235817362532,45.744102,False,,False,20.55461294854933,0,False,1
2023-01-27,51.01850899069425,48.32705,False,,False,14.245032112888486,0,False,1
2023-01-28,61.44921132084234,59.933086,False,,True,21.87849009172836,0,False,1
2023-01-29,58.725893658138176,59.87818,False,,True,16.996806550405974,0,False,1
2023-01-30,49.25061016618769,48.801525,False,,False,18.541531251033618,0,False,1
2023-01-31,72.6388238046583,70.107925,False,,False,16.991466938853016,1,False,1
2023-02-01,99.16611938810371,96.96072,False,,False,29.261390922544688,1,False,1
2023-02-02,43.36730491945121,44.17131,False,,False,19.93251387631033,0,False,1
2023-02-03,48.19054514383498,51.139256,False,,False,14.711445355220498,0,False,1
2023-02-04,59.652050885434946,58.134876,False,,True,24.112724560515943,0,False,1
2023-02-05,62.42657998280227,63.037178,False,,True,13.895781750144888,0,False,1
2023-02-06,46.136664288632645,47.727757,False,,False,21.044317975023777,0,False,1
2023-02-07,49.55389412203165,49.43232,False,,False,10.201649380601122,0,False,1
2023-02-08,70.1499181726358,69.66914,False,,False,13.359069755507846,1,False,1
2023-02-09,46.47764948270235,46.439877,False,,False,20.984306179345616,0,False,1
2023-02-10,66.35842425026057,65.18403,False,,False,23.692332899977053,1,False,1
2023-02-11,60.49372888818667,56.40798,False,,True,20.85684140594985,0,False,1
2023-02-12,59.34827427006396,58.43307,False,,True,19.421758588058797,0,False,1
2023-02-13,52.50238759710316,47.993103,False,,False,18.494481522053555,0,False,1
2023-02-14,64.73370639677502,64.145096,False,,False,12.607390048162863,1,False,1
2023-02-15,68.24659236060606,70.76249,False,,False,16.400778958026457,1,False,1
2023-02-16,48.85391974223204,49.30505,False,,False,17.696806145201062,0,False,1
2023-02-17,69.06931954061803,66.90571,False,,False,25.285611131094576,0,False,1
2023-02-18,55.29793112716049,57.45442,False,,True,21.71809144784231,0,False,1
2023-02-19,61.173260025775434,60.639385,False,,True,11.18479922318633,0,False,1
2023-02-20,71.26377753768944,70.00058,False,,False,21.620419846973974,1,False,1
2023-02-21,58.231986213399864,52.24523,False,,False,18.074588597918417,0,False,1
2023-02-22,44.96455317846869,45.593914,False,,False,16.615389998470206,0,False,1
2023-02-23,46.71383340941253,46.83848,False,,False,23.05838144420434,0,False,1
2023-02-24,90.3132215888834,92.527855,False,,False,25.154997612479754,1,False,1
2023-02-25,51.651104139658,54.01182,False,,True,24.656400595580994,0,False,1
2023-02-26,68.82343467131359,65.02731,False,,True,15.803912383886807,0,False,1
2023-02-27,43.792493845254384,47.993103,False,,False,18.453938120743928,0,False,1
2023-02-28,45.91847295472577,46.643963,False,,False,21.65631715701782,0,False,1
2023-03-01,56.5788325414108,56.350998,False,,False,24.877725635611796,0,False,2
2023-03-02,41.23446476530892,46.56326,False,,False,17.60412881077355,0,False,2
2023-03-03,73.7817578464369,72.415306,False,,False,19.071705116680914,1,False,2
2023-03-04,52.93487827329111,56.84732,False,,True,14.468325129969859,0,False,2
2023-03-05,86.23347368264794,82.86614,False,,True,14.018966879596647,1,False,2
2023-03-06,59.15061156479571,63.686035,False,,False,24.062629111970992,1,False,2
2023-03-07,56.23265291874669,60.17345,False,,False,26.781200142854114,0,False,2
2023-03-08,47.275388825205454,47.761066,False,,False,19.63994939209833,0,False,2
2023-03-09,99.85911345086367,97.76849,False,,False,25.01766448946012,1,False,2
2023-03-10,49.845208746817136,52.032005,False,,False,21.80818012523817,0,False,2
2023-03-11,58.32142463556715,60.043186,False,,True,16.77440122697438,0,False,2
2023-03-12,66.73022103732359,62.338486,False,,True,21.80697802754207,0,False,2
2023-03-13,75.77619769216537,72.416824,False,,False,27.690182832329846,0,False,2
2023-03-14,73.36128642206886,69.93992,False,,False,19.820869804450243,1,False,2
2023-03-15,61.885727484493586,61.763733,False,,False,27.82321827907003,0,False,2
2023-03-16,47.90928482995364,49.3548,False,,False,6.901274479551278,0,False,2
2023-03-17,43.557763101213375,46.959698,False,,False,24.10951252187612,0,False,2
2023-03-18,60.50408711127026,57.474255,False,,True,20.435235341190857,0,False,2
2023-03-19,51.85203507011836,57.102802,False,,True,18.504963247670663,0,False,2
2023-03-20,52.7593182765475,48.714104,False,,False,20.45880388267751,0,False,2
2023-03-21,60.02787022819977,57.7407,False,,False,10.062155426995536,0,False,2
2023-03-22,53.58795789896525,53.971413,False,,False,18.90164056081244,0,False,2
2023-03-23,47.65426139902533,49.553337,False,,False,21.78556285755873,0,False,2
2023-03-24,67.63468706315895,68.27505,False,,False,27.38947022370758,0,False,2
2023-03-25,88.10266722582938,85.077866,False,,True,17.40864890863176,1,False,2
2023-03-26,67.8524731763057,63.89127,False,,True,15.957531985534061,0,False,2
2023-03-27,44.98121054218315,49.51426,False,,False,17.491214782077318,0,False,2
2023-03-28,72.55148194791161,69.91893,False,,False,24.57701058851037,1,False,2
2023-03-29,49.209492549649006,49.553337,False,,False,21.643755548298422,0,False,2
2023-03-30,54.03296623956843,52.35958,False,,False,17.351198981164806,0,False,2
2023-03-31,51.91806976908386,51.58888,False,,False,22.56633716556678,0,False,2
2023-04-01,48.151392952577766,54.004356,False,,True,20.4853877467402,0,False,2
2023-04-02,58.2599345685158,58.149883,False,,True,24.843224952664446,0,False,2
2023-04-03,50.99279181448146,50.93703,False,,False,16.489734530613237,0,False,2
2023-04-04,42.828175164205774,48.335613,False,,False,18.361689267011158,0,False,2
2023-04-05,52.90511004932993,52.58774,False,,False,18.039459234339212,0,False,2
2023-04-06,42.379923791364845,44.060364,False,,False,12.682425259339407,0,False,2
2023-04-07,46.00780476291473,50.72261,False,,False,21.48060138532288,0,False,2
2023-04-08,66.70655959850068,62.267136,False,,True,21.305276360899448,0,False,2
2023-04-09,55.581111055678655,58.473114,False,,True,20.025567283212304,0,False,2
2023-04-10,52.86983479600838,51.515163,False,,False,18.827064333124266,0,False,2
2023-04-11,61.23213141045657,61.670254,False,,False,12.92314628974793,1,False,2
2023-04-12,60.40657328382571,55.42074,False,,False,17.896773386173205,0,False,2
2023-04-13,48.47723180756371,49.440704,False,,False,18.286427417366152,0,False,2
2023-04-14,50.47660403473859,50.896126,False,,False,15.988613653891905,0,False,2
2023-04-15,60.895183982744825,59.680992,False,,True,19.193571441669953,0,False,2
2023-04-16,63.037834321656796,62.338486,False,,True,22.020254284072692,0,False,2
2023-04-17,87.40410008506912,90.93779,False,,False,29.43092950605265,1,False,2
2023-04-18,69.97331764581668,69.47953,False,,False,20.872889064159196,1,False,2
2023-04-19,46.706155871093216,50.63713,False,,False,21.28775195361382,0,False,2
2023-04-20,61.55221386960865,65.8491,False,,False,19.627770421169163,1,False,2
2023-04-21,54.93561100064355,52.938046,False,,False,10.406143923504793,0,False,2
2023-04-22,58.23913508200205,58.962387,False,,True,19.867430622753915,0,False,2
2023-04-23,61.2126021280626,59.9956,False,,True,20.301151049705133,0,False,2
2023-04-24,95.89922709364029,94.27995,False,,False,32.316210562426434,1,False,2
2023-04-25,48.32573863811943,50.913803,False,,False,19.038195176094387,0,False,2
2023-04-26,59.87513676815391,53.036373,True,Unexplained,False,21.507736711668063,0,False,2
2023-04-27,49.763676736854954,49.5177,False,,False,19.826441151473784,0,False,2
2023-04-28,42.21023841161666,45.424206,False,,False,14.156609811902339,0,False,2
2023-04-29,72.99809319908341,71.89698,False,,True,25.714114072575104,0,False,2
2023-04-30,62.49868810056055,59.562576,False,,True,23.759665163433873,0,False,2
2023-05-01,52.662975546852756,49.816555,False,,False,23.955159735215233,0,False,2
2023-05-02,44.56109532369119,48.28302,False,,False,15.453062726026305,0,False,2
2023-05-03,69.64741253672385,67.38797,False,,False,27.013971554680495,0,False,2
2023-05-04,41.1856653556448,46.22389,False,,False,12.990744686038596,0,False,2
2023-05-05,55.72067601308209,54.996296,False,,False,22.934285469001352,0,False,2
2023-05-06,68.40326055431296,68.67877,False,,True,30.952278129049894,0,False,2
2023-05-07,78.86877390495663,81.17165,False,,True,15.047318374346558,1,False,2
2023-05-08,55.3228433901335,50.295376,False,,False,17.16851135198614,0,False,2
2023-05-09,50.59802834443535,48.361534,False,,False,20.498256825438204,0,False,2
2023-05-10,54.08349258856785,52.35958,False,,False,17.482621729419005,0,False,2
2023-05-11,53.09330979854966,51.002853,False,,False,12.246682844669337,0,False,2
2023-05-12,56.43134306702301,50.16821,False,,False,20.342814874030136,0,False,2
2023-05-13,65.31104925456856,62.044285,False,,True,14.688481431369475,0,False,2
2023-05-14,57.73127845731779,60.10263,False,,True,22.36796215317591,0,False,2
2023-05-15,53.16470816896732,49.196342,False,,False,15.402878828830985,0,False,2
2023-05-16,57.36724069151127,59.556313,False,,False,27.749672025087698,0,False,2
2023-05-17,49.71047546331108,49.719955,False,,False,16.083733538318814,0,False,2
2023-05-18,54.0924236731927,48.335613,False,,False,18.38969241897162,0,False,2
2023-05-19,50.66923827123,46.959698,False,,False,24.067586086848348,0,False,2
2023-05-20,62.233198657585426,61.55937,False,,True,13.845678417830225,0,False,2
2023-05-21,58.93363812017104,60.10126,False,,True,21.137299673020646,0,False,2
2023-05-22,70.64534718767571,66.08817,False,,False,26.53571377141214,0,False,2
2023-05-23,49.59792113145504,51.002853,False,,False,11.962583827193862,0,False,2
2023-05-24,47.67274908797973,49.05731,False,,False,20.92316929266152,0,False,2
2023-05-25,54.43258706284527,51.960655,False,,False,21.299413971242117,0,False,2
2023-05-26,42.9742003881777,46.584045,False,,False,23.90911435888655,0,False,2
2023-05-27,82.50516671758672,82.86614,False,,True,13.81524644560959,1,False,2
2023-05-28,74.7875756288643,76.35029,False,,True,13.397716934578618,1,False,2
2023-05-29,56.38963414619083,53.39799,False,,False,22.60970782808449,0,False,2
2023-05-30,48.69486373376602,50.72261,False,,False,21.48492336616593,0,False,2
2023-05-31,50.674923604098446,50.63713,False,,False,21.252464251729382,0,False,2
2023-06-01,52.06285198322061,48.88833,False,,False,21.732241047484877,0,False,3
2023-06-02,40.35157701842921,45.07158,False,,False,16.599876392107547,0,False,3
2023-06-03,56.74707579221572,59.436253,False,,True,21.161268485805017,0,False,3
2023-06-04,65.21772954643276,60.364082,False,,True,21.465362366493405,0,False,3
2023-06-05,54.338825120854445,51.2729,False,,False,16.42824290986816,0,False,3
2023-06-06,66.41516102697608,62.859737,False,,False,29.328872555723784,0,False,3
2023-06-07,43.25268214287238,48.556316,False,,False,22.36916460455894,0,False,3
2023-06-08,52.9275173042929,51.75894,False,,False,14.043482513986756,0,False,3
2023-06-09,53.566997951027226,52.81591,False,,False,23.28276804316915,0,False,3
2023-06-10,60.235086065618724,58.909843,False,,True,15.126591648863393,0,False,3
2023-06-11,66.11585475295729,63.088734,False,,True,23.93542301871226,0,False,3
2023-06-12,61.58284104934938,63.034332,False,,False,25.79297789503702,0,False,3
2023-06-13,67.45071211250013,69.76181,False,,False,15.896588408241447,1,False,3
2023-06-14,37.576942104570925,42.05372,False,,False,24.81688064622161,0,False,3
2023-06-15,54.59913755073832,51.366997,False,,False,22.06390463468249,0,False,3
2023-06-16,51.56930981735067,49.757824,False,,False,24.11030079997245,0,False,3
2023-06-17,66.59089837433385,68.249794,False,,True,29.483964913269737,0,False,3
2023-06-18,51.20700500002926,54.68788,False,,True,18.773059419985646,0,False,3
2023-06-19,45.636846863144946,47.344456,False,,False,16.23131917821255,0,False,3
2023-06-20,53.96828970990177,51.711857,False,,False,15.552427851872384,0,False,3
2023-06-21,48.49819755955686,49.021976,False,,False,15.920948575172808,0,False,3
2023-06-22,45.976065416698376,46.177826,False,,False,19.614491452929478,0,False,3
2023-06-23,44.96942053458252,48.88833,False,,False,21.70575987408322,0,False,3
2023-06-24,54.745440210859066,60.364082,False,,True,21.383453996650097,0,False,3
2023-06-25,50.3316084944622,55.197124,False,,True,24.13591624518012,0,False,3
2023-06-26,43.96302084176813,47.709892,False,,False,20.065009459389536,0,False,3
2023-06-27,89.64710960161416,90.56627,False,,False,27.267670385786584,1,False,3
2023-06-28,53.413116182285734,48.346073,False,,False,18.67671583381022,0,False,3
2023-06-29,64.17138473426692,64.53318,False,,False,33.600845832948096,0,False,3
2023-06-30,45.872075784912695,48.66332,False,,False,23.12833673882503,0,False,3
2023-07-01,71.54861377703094,70.8088,False,,True,15.714212217918586,0,True,3
2023-07-02,56.680515432266674,58.777985,False,,True,14.645537509694439,0,False,3
2023-07-03,55.83551457191818,52.807613,False,,False,22.412362076215928,0,False,3
2023-07-04,58.10554278893858,55.670902,False,,False,18.882686073370746,0,False,3
2023-07-05,42.15019831171328,46.75092,False,,False,23.57000247046046,0,False,3
2023-07-06,50.36981482036784,50.27886,False,,False,22.366188122867726,0,False,3
2023-07-07,47.41233174545888,47.124542,False,,False,19.635855436715637,0,False,3
2023-07-08,57.00537801720332,60.142807,False,,True,15.766031409657975,0,False,3
2023-07-09,62.77688408403454,63.44348,False,,True,12.425763876570677,0,False,3
2023-07-10,46.885647517883584,48.782715,False,,False,17.767425239664895,0,False,3
2023-07-11,47.52015476836765,47.306484,False,,False,24.28199397161736,0,False,3
2023-07-12,49.15942552187353,49.972122,False,,False,21.07046872065102,0,False,3
2023-07-13,68.13300365811715,68.39002,False,,False,13.77130610644006,1,False,3
2023-07-14,44.132148964939375,48.3923,False,,False,20.86590462925591,0,False,3
2023-07-15,63.97953252423737,61.673477,False,,True,21.926586898644185,0,False,3
2023-07-16,65.242654692538,63.5169,False,,True,15.580712818994336,0,False,3
2023-07-17,51.718092947676084,48.3923,False,,False,20.76862552972764,0,False,3
2023-07-18,48.11723674488867,49.23238,False,,False,20.29104359223,0,False,3
2023-07-19,46.473946318351096,46.77607,False,,False,14.285148510846884,0,False,3
2023-07-20,46.48189968536777,48.88833,False,,False,21.788936801741418,0,False,3
2023-07-21,61.78688182516354,57.692886,False,,False,22.80392263184117,0,False,3
2023-07-22,79.68919150783321,78.017914,False,,True,25.415256215876383,0,False,3
2023-07-23,100.7994496070833,100.23431,False,,True,25.269010260174515,1,False,3
2023-07-24,50.8234891371857,50.892696,False,,False,13.111653160214544,0,True,3
2023-07-25,48.18732487450319,47.95482,False,,False,15.310874800424386,0,True,3
2023-07-26,52.91900188078145,52.807613,False,,False,22.5751763360433,0,False,3
2023-07-27,72.71749551394672,72.254074,False,,False,22.568929754561044,1,False,3
2023-07-28,55.418048269527354,54.616726,False,,False,22.575238431530238,0,False,3
2023-07-29,70.74721770668903,70.45738,False,,True,39.26365745327361,0,False,3
2023-07-30,80.52367649319065,81.18134,False,,True,22.854452553465833,1,False,3
2023-07-31,86.25726507521237,86.608734,False,,False,25.677828200902994,1,False,3
2023-08-01,43.713298497855774,43.088398,False,,False,24.770008817466014,0,False,3
2023-08-02,54.420504182795895,52.81591,False,,False,23.25695625652899,0,False,3
2023-08-03,45.24658104297337,47.53765,False,,False,18.42365377679827,0,False,3
2023-08-04,45.79545600976073,48.487915,False,,False,23.794846102466337,0,False,3
2023-08-05,79.95860962724976,79.301056,False,,True,16.13587392731214,1,False,3
2023-08-06,63.4738051542327,61.619606,False,,True,18.815906966299956,0,False,3
2023-08-07,44.69586602082952,45.37194,False,,False,17.573182260854484,0,False,3
2023-08-08,32.59595585619958,43.47795,True,Unexplained,False,20.409370696931614,0,False,3
2023-08-09,60.64888378928244,63.048885,False,,False,31.573292833367542,0,False,3
2023-08-10,56.02814038976419,55.111713,False,,False,10.66367403704126,0,False,3
2023-08-11,51.71567525508437,51.605354,False,,False,23.43130095187257,0,False,3
2023-08-12,66.61937401893607,65.31419,False,,True,11.936420644051742,0,False,3
2023-08-13,54.34091928933652,55.21416,False,,True,17.640340671052833,0,False,3
2023-08-14,56.803018661679715,59.086563,False,,False,25.444752984836832,0,False,3
2023-08-15,52.3127427632377,49.23238,False,,False,20.321400095477316,0,False,3
2023-08-16,51.20011368842523,48.884567,False,,False,14.611276110353469,0,False,3
2023-08-17,51.52777160188629,51.2729,False,,False,16.42348145370016,0,False,3
2023-08-18,54.66498321325284,52.81591,False,,False,23.39798874467338,0,False,3
2023-08-19,62.1084246195613,60.62835,False,,True,16.34816684141432,0,False,3
2023-08-20,62.02808796570189,59.436253,False,,True,21.082292947909874,0,False,3
2023-08-21,53.5750350690057,49.23238,False,,False,20.22785919951907,0,False,3
2023-08-22,52.512083160935134,49.873474,False,,False,16.741998261970913,0,False,3
2023-08-23,69.28722965858702,67.77067,False,,False,30.719720446626628,0,False,3
2023-08-24,55.04260412389291,51.693592,False,,False,23.169595111590056,0,False,3
2023-08-25,57.658444006204576,57.91567,False,,False,9.874287066711965,0,False,3
2023-08-26,76.7540433754816,78.26446,False,,True,20.93227157384714,1,False,3
2023-08-27,62.40281053705374,61.678516,False,,True,16.69106767615806,0,False,3
2023-08-28,48.14838315701352,47.306484,False,,False,24.26216667398112,0,False,3
2023-08-29,45.832205063603666,47.344456,False,,False,16.037396307836495,0,False,3
2023-08-30,46.55229839459817,46.177826,False,,False,19.426317792665504,0,False,3
2023-08-31,52.47477758780763,52.807613,False,,False,22.524936394902287,0,False,3
2023-09-01,52.091262773930005,51.956863,False,,False,24.328775970850607,0,False,4
2023-09-02,62.002060146192186,61.93988,False,,True,13.998517964721119,0,False,4
2023-09-03,58.871431762153335,57.427383,False,,True,18.327493820795258,0,False,4
2023-09-04,50.01707375589205,49.48687,False,,False,17.62527344419522,0,False,4
2023-09-05,74.08876347938025,70.872284,False,,False,16.73335383713144,1,False,4
2023-09-06,57.55303470175347,60.31084,False,,False,28.827271201405484,0,False,4
2023-09-07,70.12321049214292,71.43507,False,,False,22.024908554804778,1,False,4
2023-09-08,50.44978074063395,48.806313,False,,False,13.695580228324774,0,False,4
2023-09-09,63.76652134538825,63.315422,False,,True,24.58930973527388,0,False,4
2023-09-10,98.24875794028587,98.369194,False,,True,30.610780985063165,1,False,4
2023-09-11,72.47566872758706,72.22411,False,,False,25.162326302755734,0,False,4
2023-09-12,51.06815212214255,51.00069,False,,False,12.403150170229933,0,False,4
2023-09-13,51.33290273347468,49.9282,False,,False,17.578829635668743,0,False,4
2023-09-14,62.99310121333887,65.13271,False,,False,26.334555745933113,0,False,4
2023-09-15,52.69011177398422,50.797127,False,,False,16.461652671906094,0,False,4
2023-09-16,60.23977025141553,61.50179,False,,True,22.219097140731144,0,False,4
2023-09-17,66.04490972053233,64.29268,False,,True,23.873170267146683,0,False,4
2023-09-18,42.79252875968192,45.069473,False,,False,15.365347642109585,0,False,4
2023-09-19,50.87772914945254,49.814503,False,,False,19.702373219691,0,False,4
2023-09-20,52.042561741887134,51.58319,False,,False,3.793663299654636,0,False,4
2023-09-21,49.06813802818454,47.26089,False,,False,14.878061793328552,0,False,4
2023-09-22,47.97667088346477,48.898434,False,,False,18.7371592430342,0,False,4
2023-09-23,58.18521360515646,59.69452,False,,True,13.761084090175753,0,False,4
2023-09-24,75.87319634683914,74.588585,False,,True,28.162056519658176,0,False,4
2023-09-25,60.95020549509647,62.088547,False,,False,12.849293110196836,1,False,4
2023-09-26,54.82507480531615,54.781784,False,,False,17.799777566515083,0,False,4
2023-09-27,47.59934066152075,48.629856,False,,False,20.653702886430455,0,False,4
2023-09-28,65.63901348683392,65.302345,False,,False,27.206366445330577,0,False,4
2023-09-29,51.83551133394034,49.423412,False,,False,12.820689244102804,0,False,4
2023-09-30,72.37097306343522,72.100266,False,,True,25.815818760774796,0,False,4
2023-10-01,59.34480796500502,58.775433,False,,True,20.051165305097935,0,False,4
2023-10-02,39.82379879687248,44.16002,False,,False,15.092456744760245,0,False,4
2023-10-03,53.66061803666536,51.70962,False,,False,22.310517371316354,0,False,4
2023-10-04,55.40034500161082,51.402885,False,,False,20.99529847786735,0,False,4
2023-10-05,61.49503224030623,66.5941,False,,False,16.998915614206027,1,False,4
2023-10-06,47.96753561651869,48.64181,False,,False,20.349010424950094,0,False,4
2023-10-07,53.850653108795925,57.88535,False,,True,18.0734320156912,0,False,4
2023-10-08,79.11129839256297,78.50752,False,,True,20.56758672625624,1,False,4
2023-10-09,53.2431816736048,54.246674,False,,False,23.310653372605234,0,False,4
2023-10-10,69.93654449628312,68.74433,False,,False,27.93008408072676,0,False,4
2023-10-11,75.60926594713425,73.02626,False,,False,13.810922505865754,1,False,4
2023-10-12,71.55271912346106,69.71541,False,,False,30.665166873281333,0,False,4
2023-10-13,48.88793610772217,50.74406,False,,False,10.239561002387491,0,False,4
2023-10-14,54.2652068563328,56.321976,False,,True,19.241074524822082,0,False,4
2023-10-15,59.42704849846016,59.88625,False,,True,22.941586032422883,0,False,4
2023-10-16,53.16633751151788,51.488365,False,,False,21.404959338675162,0,False,4
2023-10-17,43.86370109539571,45.404823,False,,False,16.88650240089703,0,False,4
2023-10-18,78.30068476724121,77.15675,False,,False,18.959388748213623,1,False,4
2023-10-19,54.489442693801706,51.050877,False,,False,17.534995326705836,0,False,4
2023-10-20,48.96716415784336,45.797966,False,,False,17.053176215278942,0,False,4
2023-10-21,56.445640347943794,59.85301,False,,True,24.248010485105123,0,False,4
2023-10-22,56.65439459443679,60.63108,False,,True,21.785077429825236,0,False,4
2023-10-23,50.37103106900078,49.26995,False,,False,16.535452023696728,0,False,4
2023-10-24,48.85298698634824,51.956863,False,,False,24.497999377166252,0,False,4
2023-10-25,54.752513776413124,53.802128,False,,False,21.536497604383047,0,False,4
2023-10-26,48.285120858486856,52.55346,False,,False,24.0643105941948,0,False,4
2023-10-27,72.52750905305746,67.79662,False,,False,23.14814420961806,1,False,4
2023-10-28,59.85537557912565,59.33847,False,,True,15.855024945389639,0,False,4
2023-10-29,61.34834678698535,59.13671,False,,True,17.199094799015153,0,False,4
2023-10-30,48.849717822018086,51.468792,False,,False,23.736468025616308,0,False,4
2023-10-31,53.538577706248105,50.09408,False,,False,23.051851327167324,0,False,4
2023-11-01,53.61270040145038,49.132496,False,,False,19.89549203017926,0,False,4
2023-11-02,52.29964512911072,48.629856,False,,False,20.58663691654391,0,False,4
2023-11-03,68.03757163574753,65.13271,False,,False,26.388324478942124,0,False,4
2023-11-04,55.278156112284734,56.28825,False,,True,17.04214305582085,0,False,4
2023-11-05,61.6162288145449,65.83961,False,,True,22.735486905850188,0,False,4
2023-11-06,56.24600883743767,55.861027,False,,False,18.98903673783053,0,False,4
2023-11-07,52.45702283509749,55.861027,False,,False,18.9115939838639,0,False,4
2023-11-08,59.84641248599238,60.27455,False,,False,25.49388425993595,0,False,4
2023-11-09,49.751167451754576,50.900208,False,,False,24.12708174494015,0,False,4
2023-11-10,51.87488969169854,52.55346,False,,False,24.067548180003193,0,False,4
2023-11-11,71.21300241550846,72.100266,False,,True,26.527394035771646,0,False,4
2023-11-12,53.20864401638324,58.775433,False,,True,20.105019208163796,0,False,4
2023-11-13,48.41951065781736,54.246674,False,,False,23.40976485647482,0,False,4
2023-11-14,66.29583796016149,69.38574,False,,False,18.44866621703272,1,False,4
2023-11-15,49.92855484305016,52.254147,False,,False,21.62083176244221,0,False,4
2023-11-16,42.042976762518556,48.089695,False,,False,19.349284728161578,0,False,4
2023-11-17,52.82350531268078,45.77783,True,Unexplained,False,20.48497982496359,0,False,4
2023-11-18,76.82697482353322,77.78036,False,,True,22.97578512718457,1,False,4
2023-11-19,64.97876118340677,59.33847,False,,True,15.908896583832638,0,False,4
2023-11-20,63.61550580101811,64.598564,False,,False,30.461936378427303,0,False,4
2023-11-21,49.873054768077566,46.513405,False,,False,14.96991309250149,0,False,4
2023-11-22,49.13482560651541,51.051674,False,,False,13.92905693606134,0,False,4
2023-11-23,61.55920154949864,64.22225,False,,False,25.790554367500338,0,False,4
2023-11-24,82.3613973113633,72.625305,True,Football match,False,23.95831346981468,1,False,4
2023-11-25,77.52066910996358,77.78036,False,,True,23.120599085260775,1,False,4
2023-11-26,65.1176076123283,59.88625,False,,True,23.1417275463214,0,False,4
2023-11-27,44.53185526968302,48.643223,False,,False,19.938766135765427,0,False,4
2023-11-28,71.8606569554658,68.86258,False,,False,15.513728142570843,1,False,4
2023-11-29,52.39436081965918,48.64181,False,,False,20.37902279096863,0,False,4
2023-11-30,49.879115114509354,44.59581,False,,False,16.61419144243944,0,False,4
2023-12-01,47.14497640180213,46.27976,False,,False,24.875598667088756,0,True,1
2023-12-02,58.68339048693018,58.43307,False,,True,19.264713092489306,0,False,1
2023-12-03,57.9835524901344,65.02731,True,Weekend spike,True,15.872514016037442,0,False,1
2023-12-04,62.010131409177276,47.993103,True,Unexplained,False,18.393070791735035,0,False,1
2023-12-05,69.8869845527759,69.735054,False,,False,22.06465727137812,1,False,1
2023-12-06,72.62444389331975,71.49177,False,,False,17.181377235980126,1,False,1
2023-12-07,58.90812545212684,52.71832,False,,False,15.888898022167844,0,False,1
2023-12-08,45.6184066601291,47.727757,False,,False,21.218436057459563,0,False,1
2023-12-09,80.18830116583969,80.12543,False,,True,21.224832855543614,1,False,1
2023-12-10,58.65406934159306,63.219765,False,,True,17.46528412314435,0,False,1
2023-12-11,49.56930777258318,46.73436,False,,False,17.644808471908387,0,False,1
2023-12-12,69.10494016441257,69.62737,False,,False,21.16024968678818,1,False,1
2023-12-13,66.34061457184892,58.946426,True,Football match,False,12.759578292513378,1,False,1
2023-12-14,50.977051424983166,58.215897,True,Unexplained,False,12.962681128117223,0,False,1
2023-12-15,44.686836112919494,49.73834,False,,False,16.40777889373782,0,False,1
2023-12-16,64.94441368654509,62.900066,False,,True,18.932764241440765,0,False,1
2023-12-17,63.11654903327302,60.937454,False,,True,21.554537827990025,0,False,1
2023-12-18,62.53268591817992,67.18414,False,,False,27.376781084747762,0,False,1
2023-12-19,47.7750833931307,45.789467,False,,False,24.288298116010097,0,False,1
2023-12-20,51.37755281174127,50.571293,False,,False,19.200307350182864,0,False,1
2023-12-21,46.00727342196909,44.660583,False,,False,19.904918960486555,0,False,1
2023-12-22,59.059900620674355,51.6068,True,Unexplained,False,14.987353176810956,0,False,1
2023-12-23,61.78962864345884,55.291256,True,Weekend spike,True,19.90743432003805,0,False,1
2023-12-24,81.96631575691839,88.17821,False,,True,18.55670680539931,1,True,1
2023-12-25,53.40722540178643,48.993557,False,,False,21.613592801690448,0,True,1
2023-12-26,47.10268362964965,52.71832,False,,False,15.863845282238385,0,False,1
2023-12-27,55.44504990892387,48.221935,True,Unexplained,False,22.596732571205862,0,False,1
2023-12-28,65.57266683107731,71.32592,False,,False,27.66369456501289,0,False,1
2023-12-29,54.75072735499416,44.467026,True,Unexplained,False,19.456199257715713,0,False,1
2023-12-30,59.01023436715835,59.933086,False,,True,22.008558610494706,0,False,1
2023-12-31,66.58639113365592,57.800102,True,Weekend spike,True,23.450719958555563,0,False,1
